{"unit": "dumpload_sp", "value": 0.0, "time": 1718013928.6948164}
{"unit": "dumpload_sp", "value": 20.0, "time": 1718013959.6977577}
{"unit": "dumpload_sp", "value": 10.0, "time": 1718013989.6989655}
{"unit": "dumpload_sp", "value": 0.0, "time": 1718014018.716735}
